{
    "run_n":105,
    "run_seed":null,
    "ndims":4,
    "nsamples":500000,
    "correlation":"corr",
    "nbijectors":5,
    "bijector":"RealNVPN",
    "spline_knots":8,
    "range_min":-5,
    "hidden_layers":"64-64-64",
    "batch_size":512,
    "activation":"relu",
    "eps_regulariser":0,
    "regulariser":null,
    "dist_seed":null,
    "test_seed":null,
    "epochs_input":300,
    "epochs_output":201,
    "time":1327.1265576659935,
    "KS_pv_mean":0.5107776563633615,
    "KS_pv_std":0.18300412567010677,
    "KS_st_mean":0.03867249999999999,
    "KS_st_std":0.007688359301567533,
    "SWD_mean":0.07518976768422407,
    "SWD_std":0.02384345899999452,
    "train_loss_history":[
        4.183380603790283,
        2.7785465717315674,
        2.658000946044922,
        2.632415294647217,
        2.5940146446228027,
        2.5697743892669678,
        2.580028533935547,
        2.5378925800323486,
        2.534615993499756,
        2.519341230392456,
        2.52323579788208,
        2.5058276653289795,
        2.5041251182556152,
        2.5018434524536133,
        2.536712646484375,
        2.503999948501587,
        2.4890177249908447,
        2.4850218296051025,
        2.4917054176330566,
        2.4807217121124268,
        2.4826948642730713,
        2.478701114654541,
        2.487633466720581,
        2.479367971420288,
        2.4766552448272705,
        2.474799633026123,
        2.475931406021118,
        2.4756600856781006,
        2.4715044498443604,
        2.476327657699585,
        2.465416193008423,
        2.467118740081787,
        2.468489408493042,
        2.4715285301208496,
        2.4675955772399902,
        2.4624831676483154,
        2.4603800773620605,
        2.463035821914673,
        2.4630024433135986,
        2.467458963394165,
        2.4723565578460693,
        2.462982416152954,
        2.456700563430786,
        2.4628055095672607,
        2.458185911178589,
        2.4616363048553467,
        2.4972972869873047,
        2.4574766159057617,
        2.4569177627563477,
        2.456265449523926,
        2.4577243328094482,
        2.4611871242523193,
        2.455231189727783,
        2.457280397415161,
        2.4542770385742188,
        2.4558181762695312,
        2.452953338623047,
        2.4565722942352295,
        2.452932119369507,
        2.4557945728302,
        2.4557883739471436,
        2.4527697563171387,
        2.4520199298858643,
        2.451866865158081,
        2.455336332321167,
        2.452536106109619,
        2.4581077098846436,
        2.452457904815674,
        2.4502899646759033,
        2.451064109802246,
        2.450528144836426,
        2.4589591026306152,
        2.4574804306030273,
        2.4473655223846436,
        2.448652744293213,
        2.4515180587768555,
        2.449223518371582,
        2.447688579559326,
        2.446519136428833,
        2.4467403888702393,
        2.457923173904419,
        2.4509005546569824,
        2.44566011428833,
        2.4480783939361572,
        2.445972442626953,
        2.4510672092437744,
        2.445622444152832,
        2.4449045658111572,
        2.447890520095825,
        2.4545669555664062,
        2.4451310634613037,
        2.444309949874878,
        2.443194627761841,
        2.4244799613952637,
        2.4242639541625977,
        2.4244565963745117,
        2.424021005630493,
        2.424206018447876,
        2.42434024810791,
        2.4237232208251953,
        2.4243452548980713,
        2.4240472316741943,
        2.4238736629486084,
        2.4233803749084473,
        2.4245285987854004,
        2.4233314990997314,
        2.42340087890625,
        2.4237051010131836,
        2.4233450889587402,
        2.4234869480133057,
        2.4232561588287354,
        2.42340350151062,
        2.4230244159698486,
        2.4232776165008545,
        2.423381805419922,
        2.4229965209960938,
        2.4235284328460693,
        2.4227678775787354,
        2.4227802753448486,
        2.4233531951904297,
        2.4228336811065674,
        2.4229750633239746,
        2.423046350479126,
        2.423147678375244,
        2.422390937805176,
        2.423109531402588,
        2.4227588176727295,
        2.4228687286376953,
        2.422729969024658,
        2.422722101211548,
        2.4225399494171143,
        2.4224278926849365,
        2.422839641571045,
        2.422222137451172,
        2.4225351810455322,
        2.4228012561798096,
        2.422646999359131,
        2.4227771759033203,
        2.4172563552856445,
        2.4171688556671143,
        2.417117118835449,
        2.417095422744751,
        2.417191982269287,
        2.4170169830322266,
        2.4171464443206787,
        2.4168145656585693,
        2.4169929027557373,
        2.417055606842041,
        2.4169883728027344,
        2.4168338775634766,
        2.4170596599578857,
        2.416813850402832,
        2.416957139968872,
        2.416836977005005,
        2.4168200492858887,
        2.416745662689209,
        2.4169437885284424,
        2.4168903827667236,
        2.416759967803955,
        2.4167842864990234,
        2.415546417236328,
        2.415539264678955,
        2.4155123233795166,
        2.4154927730560303,
        2.415501117706299,
        2.4154984951019287,
        2.4155023097991943,
        2.4155075550079346,
        2.4154539108276367,
        2.415480136871338,
        2.4154574871063232,
        2.4154763221740723,
        2.415454149246216,
        2.4154655933380127,
        2.4154927730560303,
        2.415510416030884,
        2.4154646396636963,
        2.4154880046844482,
        2.415464401245117,
        2.415452241897583,
        2.4154536724090576,
        2.415168046951294,
        2.4151511192321777,
        2.4151253700256348,
        2.4151430130004883,
        2.4151458740234375,
        2.415147542953491,
        2.4151368141174316,
        2.4151339530944824,
        2.4151389598846436,
        2.4151391983032227,
        2.415134906768799,
        2.4151196479797363,
        2.4151341915130615,
        2.4151196479797363,
        2.4151268005371094,
        2.4151294231414795,
        2.4151313304901123,
        2.4151344299316406,
        2.4151363372802734,
        2.415095567703247
    ],