{
    "run_n":1009,
    "run_seed":null,
    "ndims":20,
    "nsamples":200000,
    "correlation":"corr",
    "nbijectors":5,
    "bijector":"RealNVPN",
    "spline_knots":8,
    "range_min":-5,
    "hidden_layers":"64-64-64",
    "batch_size":512,
    "activation":"relu",
    "eps_regulariser":0,
    "regulariser":null,
    "dist_seed":null,
    "test_seed":null,
    "epochs_input":300,
    "epochs_output":210,
    "time":664.1388360830024,
    "KS_pv_mean":0.5081818363724453,
    "KS_pv_std":0.13997067506271677,
    "KS_st_mean":0.038587500000000004,
    "KS_st_std":0.00607164053201439,
    "SWD_mean":0.0913614634106852,
    "SWD_std":0.03588810673266481,
    "train_loss_history":[
        54.2817268371582,
        15.665766716003418,
        13.93976879119873,
        13.277229309082031,
        12.941153526306152,
        12.746068954467773,
        12.592326164245605,
        12.48384952545166,
        12.4125394821167,
        12.318305015563965,
        12.311439514160156,
        12.257232666015625,
        12.242748260498047,
        12.188387870788574,
        12.157161712646484,
        12.121169090270996,
        12.085251808166504,
        12.076881408691406,
        12.05333423614502,
        12.051198959350586,
        11.996935844421387,
        11.990022659301758,
        11.972481727600098,
        11.963043212890625,
        11.937052726745605,
        11.953593254089355,
        11.916260719299316,
        11.877177238464355,
        11.895998001098633,
        11.881755828857422,
        11.84984016418457,
        11.854782104492188,
        11.82449722290039,
        11.82381534576416,
        11.830147743225098,
        11.822911262512207,
        11.781184196472168,
        11.820511817932129,
        11.778397560119629,
        11.782413482666016,
        11.751803398132324,
        11.773852348327637,
        11.74364185333252,
        11.732232093811035,
        11.730157852172852,
        11.713603973388672,
        11.726422309875488,
        11.707191467285156,
        11.728839874267578,
        11.706899642944336,
        11.684276580810547,
        11.683395385742188,
        11.679555892944336,
        11.706432342529297,
        11.659880638122559,
        11.667254447937012,
        11.662932395935059,
        11.65682315826416,
        11.651890754699707,
        11.631600379943848,
        11.635886192321777,
        11.639366149902344,
        11.642521858215332,
        11.645824432373047,
        11.62537956237793,
        11.630122184753418,
        11.629258155822754,
        11.623063087463379,
        11.605435371398926,
        11.60240650177002,
        11.593194961547852,
        11.606189727783203,
        11.587807655334473,
        11.602365493774414,
        11.610048294067383,
        11.571850776672363,
        11.599658012390137,
        11.572349548339844,
        11.574596405029297,
        11.567508697509766,
        11.551472663879395,
        11.556589126586914,
        11.564785957336426,
        11.565265655517578,
        11.570652961730957,
        11.557512283325195,
        11.552501678466797,
        11.56551456451416,
        11.576894760131836,
        11.549863815307617,
        11.544013023376465,
        11.54665470123291,
        11.531485557556152,
        11.533140182495117,
        11.558060646057129,
        11.53431224822998,
        11.539873123168945,
        11.533432006835938,
        11.53815746307373,
        11.52342700958252,
        11.51291561126709,
        11.548809051513672,
        11.536140441894531,
        11.523563385009766,
        11.500511169433594,
        11.366368293762207,
        11.361369132995605,
        11.358415603637695,
        11.363421440124512,
        11.357911109924316,
        11.358901977539062,
        11.360250473022461,
        11.362573623657227,
        11.360237121582031,
        11.360868453979492,
        11.35623550415039,
        11.359026908874512,
        11.359878540039062,
        11.354499816894531,
        11.357420921325684,
        11.353108406066895,
        11.35859489440918,
        11.355083465576172,
        11.356660842895508,
        11.353660583496094,
        11.35550594329834,
        11.352230072021484,
        11.34589672088623,
        11.348708152770996,
        11.347944259643555,
        11.347843170166016,
        11.34916877746582,
        11.352645874023438,
        11.349660873413086,
        11.348052024841309,
        11.346051216125488,
        11.353110313415527,
        11.347694396972656,
        11.35159969329834,
        11.34510612487793,
        11.341635704040527,
        11.345096588134766,
        11.346495628356934,
        11.343894958496094,
        11.345627784729004,
        11.34520435333252,
        11.339341163635254,
        11.343596458435059,
        11.345643997192383,
        11.342154502868652,
        11.344460487365723,
        11.345539093017578,
        11.341259002685547,
        11.343623161315918,
        11.340362548828125,
        11.3402099609375,
        11.342888832092285,
        11.340177536010742,
        11.333575248718262,
        11.337716102600098,
        11.334452629089355,
        11.340774536132812,
        11.341702461242676,
        11.337494850158691,
        11.338232040405273,
        11.337140083312988,
        11.297996520996094,
        11.296982765197754,
        11.29757308959961,
        11.298542976379395,
        11.299187660217285,
        11.299625396728516,
        11.298920631408691,
        11.298060417175293,
        11.298243522644043,
        11.29874038696289,
        11.29881477355957,
        11.298285484313965,
        11.297779083251953,
        11.297344207763672,
        11.298286437988281,
        11.297356605529785,
        11.299893379211426,
        11.296509742736816,
        11.298653602600098,
        11.296388626098633,
        11.297124862670898,
        11.29634952545166,
        11.297786712646484,
        11.297399520874023,
        11.287168502807617,
        11.286502838134766,
        11.286685943603516,
        11.286566734313965,
        11.286564826965332,
        11.286588668823242,
        11.286548614501953,
        11.286791801452637,
        11.286198616027832,
        11.286648750305176,
        11.287034034729004,
        11.286520004272461,
        11.2866792678833,
        11.286627769470215,
        11.28650951385498,
        11.286611557006836,
        11.286637306213379,
        11.286221504211426,
        11.286434173583984,
        11.28642463684082
    ],