{
    "run_n":1013,
    "run_seed":null,
    "ndims":30,
    "nsamples":100000,
    "correlation":"corr",
    "nbijectors":5,
    "bijector":"RealNVPN",
    "spline_knots":8,
    "range_min":-5,
    "hidden_layers":"64-64-64",
    "batch_size":512,
    "activation":"relu",
    "eps_regulariser":0,
    "regulariser":null,
    "dist_seed":null,
    "test_seed":null,
    "epochs_input":300,
    "epochs_output":293,
    "time":520.3317047501914,
    "KS_pv_mean":0.490849643517176,
    "KS_pv_std":0.14224771014569823,
    "KS_st_mean":0.03950133333333333,
    "KS_st_std":0.0068694394401743,
    "SWD_mean":0.09279477963929374,
    "SWD_std":0.03629132535831455,
    "train_loss_history":[
        464.9219055175781,
        35.194515228271484,
        28.44363784790039,
        25.955829620361328,
        24.495519638061523,
        23.466371536254883,
        22.647329330444336,
        22.01436996459961,
        21.588016510009766,
        21.094799041748047,
        20.82250213623047,
        20.51424217224121,
        20.291912078857422,
        20.006433486938477,
        19.8229923248291,
        19.701108932495117,
        19.477670669555664,
        19.410097122192383,
        19.26520538330078,
        19.21993637084961,
        19.128618240356445,
        19.061506271362305,
        18.95585060119629,
        18.84234619140625,
        18.880229949951172,
        18.822927474975586,
        18.800628662109375,
        18.720226287841797,
        18.700916290283203,
        18.63611602783203,
        18.59772491455078,
        18.605443954467773,
        18.593896865844727,
        18.521196365356445,
        18.48223114013672,
        18.46592903137207,
        18.456344604492188,
        18.455703735351562,
        18.317562103271484,
        18.256521224975586,
        18.28250503540039,
        18.29580307006836,
        18.236454010009766,
        18.20808219909668,
        18.238924026489258,
        18.202714920043945,
        18.190885543823242,
        18.128768920898438,
        18.097064971923828,
        18.18365478515625,
        18.076688766479492,
        17.964717864990234,
        18.02955436706543,
        18.05185317993164,
        18.024974822998047,
        17.95412254333496,
        17.9340763092041,
        17.958341598510742,
        18.03026580810547,
        17.873470306396484,
        17.849639892578125,
        17.99226951599121,
        17.87141990661621,
        17.96672248840332,
        17.9027156829834,
        17.782093048095703,
        17.850749969482422,
        17.808921813964844,
        17.77366828918457,
        17.839462280273438,
        17.833375930786133,
        17.77078628540039,
        17.740026473999023,
        17.72244644165039,
        17.77831268310547,
        17.756614685058594,
        17.669879913330078,
        17.721620559692383,
        17.708232879638672,
        17.70616340637207,
        17.746322631835938,
        17.75081443786621,
        17.614063262939453,
        17.627124786376953,
        17.671480178833008,
        17.63121223449707,
        17.617555618286133,
        17.647991180419922,
        17.588178634643555,
        17.628952026367188,
        17.668682098388672,
        17.641273498535156,
        17.544963836669922,
        17.561328887939453,
        17.56454086303711,
        17.61566925048828,
        17.470035552978516,
        17.6080265045166,
        17.544471740722656,
        17.539827346801758,
        17.503568649291992,
        17.49928855895996,
        17.557403564453125,
        17.47633934020996,
        17.52008056640625,
        17.494140625,
        17.4709415435791,
        17.518245697021484,
        17.49180030822754,
        17.447383880615234,
        17.546377182006836,
        17.468429565429688,
        17.483875274658203,
        17.451580047607422,
        17.471864700317383,
        17.420761108398438,
        17.453935623168945,
        17.4456787109375,
        17.364635467529297,
        17.443830490112305,
        17.5206356048584,
        17.35862159729004,
        17.411649703979492,
        17.451799392700195,
        17.44756317138672,
        17.353614807128906,
        17.357694625854492,
        17.429277420043945,
        17.393354415893555,
        17.37361717224121,
        17.373035430908203,
        17.36639404296875,
        17.400550842285156,
        17.330116271972656,
        17.370952606201172,
        17.320274353027344,
        17.32567024230957,
        17.3781795501709,
        17.32220458984375,
        17.369848251342773,
        17.3226261138916,
        17.339344024658203,
        17.338224411010742,
        17.307830810546875,
        17.351825714111328,
        17.36888885498047,
        16.9939022064209,
        16.97309112548828,
        16.968053817749023,
        16.973411560058594,
        16.974803924560547,
        16.96394157409668,
        16.960372924804688,
        16.961074829101562,
        16.96893882751465,
        16.976404190063477,
        16.96942710876465,
        16.97418975830078,
        16.9647274017334,
        16.97504234313965,
        16.973602294921875,
        16.961706161499023,
        16.95610237121582,
        16.970134735107422,
        16.964004516601562,
        16.963951110839844,
        16.970149993896484,
        16.963348388671875,
        16.953449249267578,
        16.9519100189209,
        16.949914932250977,
        16.96430015563965,
        16.965166091918945,
        16.939496994018555,
        16.948617935180664,
        16.947919845581055,
        16.9619197845459,
        16.960491180419922,
        16.942203521728516,
        16.940547943115234,
        16.95781898498535,
        16.962074279785156,
        16.93609619140625,
        16.94785499572754,
        16.94769287109375,
        16.8603458404541,
        16.857036590576172,
        16.854461669921875,
        16.855506896972656,
        16.857009887695312,
        16.85759925842285,
        16.854419708251953,
        16.85692024230957,
        16.859214782714844,
        16.856792449951172,
        16.856496810913086,
        16.859304428100586,
        16.855073928833008,
        16.858808517456055,
        16.857391357421875,
        16.855300903320312,
        16.855751037597656,
        16.85702133178711,
        16.854949951171875,
        16.852787017822266,
        16.854839324951172,
        16.85466957092285,
        16.85573387145996,
        16.854995727539062,
        16.854625701904297,
        16.854290008544922,
        16.85698890686035,
        16.856992721557617,
        16.85662078857422,
        16.85161781311035,
        16.853374481201172,
        16.852664947509766,
        16.850400924682617,
        16.850576400756836,
        16.853490829467773,
        16.85184669494629,
        16.848466873168945,
        16.85209846496582,
        16.852052688598633,
        16.852622985839844,
        16.850311279296875,
        16.853221893310547,
        16.847084045410156,
        16.847936630249023,
        16.849071502685547,
        16.844850540161133,
        16.851362228393555,
        16.84773826599121,
        16.85085678100586,
        16.848106384277344,
        16.847217559814453,
        16.828075408935547,
        16.82530403137207,
        16.824928283691406,
        16.825387954711914,
        16.82565689086914,
        16.824838638305664,
        16.82486915588379,
        16.825571060180664,
        16.825016021728516,
        16.825706481933594,
        16.825618743896484,
        16.825902938842773,
        16.825529098510742,
        16.82482147216797,
        16.825321197509766,
        16.825000762939453,
        16.82451057434082,
        16.82557487487793,
        16.825252532958984,
        16.824604034423828,
        16.825136184692383,
        16.8249568939209,
        16.82463836669922,
        16.824552536010742,
        16.82424545288086,
        16.82423973083496,
        16.824819564819336,
        16.824464797973633,
        16.82440757751465,
