{
    "run_n":107,
    "run_seed":null,
    "ndims":8,
    "nsamples":100000,
    "correlation":"corr",
    "nbijectors":5,
    "bijector":"RealNVPN",
    "spline_knots":8,
    "range_min":-5,
    "hidden_layers":"64-64-64",
    "batch_size":512,
    "activation":"relu",
    "eps_regulariser":0,
    "regulariser":null,
    "dist_seed":null,
    "test_seed":null,
    "epochs_input":300,
    "epochs_output":238,
    "time":331.23614400002407,
    "KS_pv_mean":0.49924094486276865,
    "KS_pv_std":0.14503260167565357,
    "KS_st_mean":0.038645,
    "KS_st_std":0.005744201424044946,
    "SWD_mean":0.07465395294926862,
    "SWD_std":0.022066415759834934,
    "train_loss_history":[
        34.64405822753906,
        7.436169624328613,
        6.17821741104126,
        5.6699395179748535,
        5.434857368469238,
        5.3879618644714355,
        5.16589879989624,
        5.087150573730469,
        5.068366050720215,
        4.97138786315918,
        5.043107509613037,
        4.907553672790527,
        4.889334678649902,
        4.87551212310791,
        4.819699764251709,
        4.806467056274414,
        4.809941291809082,
        4.835099220275879,
        4.74399471282959,
        4.723217487335205,
        4.799235820770264,
        4.659918785095215,
        4.705779075622559,
        4.684265613555908,
        4.659740447998047,
        4.632104396820068,
        4.609676837921143,
        4.645191192626953,
        4.6381964683532715,
        4.6113104820251465,
        4.641318321228027,
        4.648439884185791,
        4.580837249755859,
        4.602708339691162,
        4.611353397369385,
        4.634622097015381,
        4.530019760131836,
        4.589443206787109,
        4.599376201629639,
        4.578274250030518,
        4.565834999084473,
        4.5878729820251465,
        4.595210552215576,
        4.583395957946777,
        5.570432662963867,
        4.834860324859619,
        4.6219916343688965,
        4.563640117645264,
        4.580370903015137,
        4.582602500915527,
        4.574362754821777,
        4.535191059112549,
        4.510754108428955,
        4.608414649963379,
        4.573126792907715,
        4.505138397216797,
        4.537607192993164,
        4.5113911628723145,
        4.522553443908691,
        4.670841693878174,
        4.492506980895996,
        4.572099208831787,
        4.587085247039795,
        4.55330228805542,
        4.5033278465271,
        4.477147102355957,
        4.502349376678467,
        4.476139068603516,
        4.457440376281738,
        4.523209095001221,
        4.441210746765137,
        4.470533847808838,
        4.473957538604736,
        4.47904109954834,
        4.48804235458374,
        4.474579334259033,
        4.4616875648498535,
        4.448890209197998,
        4.47580099105835,
        4.445960998535156,
        4.439136505126953,
        4.437699317932129,
        4.45404577255249,
        4.457322597503662,
        4.430278301239014,
        4.434720993041992,
        4.440699577331543,
        4.53532075881958,
        4.427309989929199,
        4.732764720916748,
        4.923456192016602,
        4.66585111618042,
        4.53114128112793,
        4.517932891845703,
        4.47689151763916,
        4.464602470397949,
        4.468161106109619,
        4.443485260009766,
        4.425689697265625,
        4.429949760437012,
        4.455843925476074,
        4.421233654022217,
        4.414916038513184,
        4.434566497802734,
        4.424134254455566,
        4.401484966278076,
        4.543143272399902,
        4.479695796966553,
        4.423038005828857,
        4.386976718902588,
        4.402987480163574,
        4.414044380187988,
        4.446252822875977,
        4.393247127532959,
        4.390421390533447,
        4.4181132316589355,
        4.405425071716309,
        4.397679328918457,
        4.408276081085205,
        4.404135704040527,
        4.378030300140381,
        4.395395755767822,
        4.420877933502197,
        4.385075569152832,
        5.309412479400635,
        4.47891902923584,
        4.452272891998291,
        4.4240522384643555,
        4.405121326446533,
        4.407512664794922,
        4.39069938659668,
        4.399693489074707,
        4.386714458465576,
        4.397852897644043,
        4.365614891052246,
        4.420715808868408,
        4.40700101852417,
        4.832736492156982,
        4.5626325607299805,
        4.438679218292236,
        4.416822910308838,
        4.438291549682617,
        4.392655849456787,
        4.397149085998535,
        4.374466896057129,
        4.397751331329346,
        4.374644756317139,
        4.379991054534912,
        4.398585319519043,
        4.388313293457031,
        4.383468151092529,
        4.3674139976501465,
        4.376565933227539,
        4.361562252044678,
        4.362812042236328,
        4.361173629760742,
        4.371307373046875,
        4.35932731628418,
        4.353161811828613,
        4.364274024963379,
        4.374998569488525,
        4.406106472015381,
        4.385940074920654,
        4.364763259887695,
        4.358300685882568,
        4.376308441162109,
        4.377644062042236,
        4.358633995056152,
        4.368398666381836,
        4.365344524383545,
        4.350365161895752,
        4.3468017578125,
        4.361029624938965,
        4.270706653594971,
        4.267460823059082,
        4.262750625610352,
        4.266442775726318,
        4.26319694519043,
        4.271448612213135,
        4.266565322875977,
        4.267723560333252,
        4.2681756019592285,
        4.262972354888916,
        4.2638373374938965,
        4.2677435874938965,
        4.268285751342773,
        4.268545150756836,
        4.265164852142334,
        4.264645099639893,
        4.266101360321045,
        4.2685136795043945,
        4.265837669372559,
        4.265847206115723,
        4.264784812927246,
        4.262886047363281,
        4.264235496520996,
        4.2452473640441895,
        4.24091100692749,
        4.241117000579834,
        4.242435932159424,
        4.241151332855225,
        4.241322040557861,
        4.241101264953613,
        4.241393566131592,
        4.2410407066345215,
        4.241920471191406,
        4.241034030914307,
        4.2416791915893555,
        4.242515563964844,
        4.241063594818115,
        4.2409772872924805,
        4.240977764129639,
        4.2418532371521,
        4.240764617919922,
        4.241198539733887,
        4.240075588226318,
        4.239856243133545,
        4.2424750328063965,
        4.234564781188965,
        4.234880447387695,
        4.234467029571533,
        4.234508991241455,
        4.234560489654541,
        4.234446048736572,
        4.23462438583374,
        4.2346110343933105,
        4.234789848327637,
        4.234806537628174,
        4.2344255447387695,
        4.234692096710205,
        4.234525680541992,
        4.23429536819458,
        4.2340850830078125,
        4.234312057495117,
        4.234482765197754,
        4.234334468841553,
        4.234607219696045,
        4.234200954437256
    ],