{
    "run_n":109,
    "run_seed":null,
    "ndims":8,
    "nsamples":200000,
    "correlation":"corr",
    "nbijectors":5,
    "bijector":"RealNVPN",
    "spline_knots":8,
    "range_min":-5,
    "hidden_layers":"64-64-64",
    "batch_size":512,
    "activation":"relu",
    "eps_regulariser":0,
    "regulariser":null,
    "dist_seed":null,
    "test_seed":null,
    "epochs_input":300,
    "epochs_output":264,
    "time":732.7663815420237,
    "KS_pv_mean":0.5323151546128151,
    "KS_pv_std":0.153497424973463,
    "KS_st_mean":0.037441249999999995,
    "KS_st_std":0.0063153942622373145,
    "SWD_mean":0.07438102653593086,
    "SWD_std":0.02393341111605333,
    "train_loss_history":[
        35.465126037597656,
        7.152195930480957,
        6.097923755645752,
        5.723474025726318,
        5.520877838134766,
        5.310214042663574,
        5.244411468505859,
        5.084336757659912,
        5.044537544250488,
        4.976931095123291,
        4.917914867401123,
        4.917997360229492,
        4.873974800109863,
        4.840139865875244,
        4.933194160461426,
        4.818873405456543,
        4.775725364685059,
        4.781188488006592,
        4.822795867919922,
        4.907101154327393,
        4.742885112762451,
        4.811761856079102,
        4.7619428634643555,
        4.732527732849121,
        4.700347423553467,
        4.74314546585083,
        4.716497898101807,
        4.709841728210449,
        4.7017974853515625,
        4.654872894287109,
        4.710383415222168,
        4.675344467163086,
        4.626054286956787,
        4.653486251831055,
        4.694709777832031,
        4.638019561767578,
        4.613518714904785,
        4.6077351570129395,
        4.6219353675842285,
        4.588717937469482,
        4.615044593811035,
        4.579523086547852,
        4.582678318023682,
        4.608789920806885,
        4.546716213226318,
        4.5753045082092285,
        4.5530290603637695,
        4.553053855895996,
        4.531778335571289,
        4.523085117340088,
        4.5272626876831055,
        4.527984142303467,
        4.52047872543335,
        4.48784065246582,
        4.503698348999023,
        4.526881217956543,
        4.515508651733398,
        4.491122722625732,
        4.49682092666626,
        4.482334136962891,
        4.468740940093994,
        4.471787929534912,
        4.481271266937256,
        4.473478317260742,
        4.456110000610352,
        4.454360485076904,
        4.456880569458008,
        4.459475040435791,
        4.468793869018555,
        4.454317569732666,
        4.460076332092285,
        4.424551010131836,
        4.456373691558838,
        4.429503440856934,
        4.443726062774658,
        4.434858798980713,
        4.415830612182617,
        4.42904806137085,
        4.415981292724609,
        4.425326824188232,
        4.433567047119141,
        4.431180953979492,
        4.429582595825195,
        4.419156074523926,
        4.414409637451172,
        4.402948379516602,
        4.407426357269287,
        4.417336940765381,
        4.3980560302734375,
        4.406527996063232,
        4.40248966217041,
        4.39577579498291,
        4.413852691650391,
        4.407604694366455,
        4.39453649520874,
        4.307316303253174,
        4.303623199462891,
        4.303812026977539,
        4.305391788482666,
        4.304723262786865,
        4.303580284118652,
        4.305046081542969,
        4.306685924530029,
        4.306840419769287,
        4.30727481842041,
        4.304483413696289,
        4.303396224975586,
        4.303234577178955,
        4.302575588226318,
        4.304238319396973,
        4.308483600616455,
        4.300631523132324,
        4.301385879516602,
        4.297896862030029,
        4.303073883056641,
        4.300019264221191,
        4.298890590667725,
        4.300227642059326,
        4.301743984222412,
        4.29907751083374,
        4.298913955688477,
        4.2999267578125,
        4.29872465133667,
        4.296061038970947,
        4.296214580535889,
        4.295096397399902,
        4.2989091873168945,
        4.2971086502075195,
        4.299607276916504,
        4.297702789306641,
        4.295650959014893,
        4.2960896492004395,
        4.293200969696045,
        4.294003963470459,
        4.298007965087891,
        4.292535781860352,
        4.295209884643555,
        4.29516077041626,
        4.293272495269775,
        4.293127536773682,
        4.292016983032227,
        4.268746852874756,
        4.268339157104492,
        4.266912460327148,
        4.2670674324035645,
        4.2680745124816895,
        4.267222881317139,
        4.2679972648620605,
        4.2679443359375,
        4.26793098449707,
        4.267754077911377,
        4.26792049407959,
        4.26740837097168,
        4.267797470092773,
        4.268346309661865,
        4.267334938049316,
        4.2669830322265625,
        4.266763687133789,
        4.267921447753906,
        4.2663044929504395,
        4.267055034637451,
        4.2667975425720215,
        4.267065048217773,
        4.2662506103515625,
        4.267416000366211,
        4.265751838684082,
        4.267099857330322,
        4.266554832458496,
        4.266628265380859,
        4.266299724578857,
        4.265894889831543,
        4.2655510902404785,
        4.265931129455566,
        4.2656779289245605,
        4.265590190887451,
        4.265964031219482,
        4.265547275543213,
        4.266081809997559,
        4.265498638153076,
        4.265232086181641,
        4.264993190765381,
        4.265252590179443,
        4.264875411987305,
        4.264459133148193,
        4.2659759521484375,
        4.265172004699707,
        4.265480041503906,
        4.2650146484375,
        4.2651777267456055,
        4.264804363250732,
        4.264943599700928,
        4.2652716636657715,
        4.2649641036987305,
        4.264558792114258,
        4.264813423156738,
        4.265143394470215,
        4.264280796051025,
        4.264390468597412,
        4.26401424407959,
        4.264729022979736,
        4.264673709869385,
        4.263524532318115,
        4.264540195465088,
        4.263620853424072,
        4.265429496765137,
        4.264002799987793,
        4.265139102935791,
        4.263430118560791,
        4.2641754150390625,
        4.26380729675293,
        4.26366662979126,
        4.2577385902404785,
        4.257382392883301,
        4.257480621337891,
        4.257451057434082,
        4.257203102111816,
        4.257366180419922,
        4.257225513458252,
        4.257198810577393,
        4.257292747497559,
        4.25745153427124,
        4.25737190246582,
        4.257381916046143,
        4.257385730743408,
        4.2571001052856445,
        4.2573089599609375,
        4.257368087768555,
        4.257244110107422,
        4.25736141204834,
        4.25712251663208,
        4.257151126861572,
        4.25714111328125,
        4.257073402404785,
        4.257070541381836,
        4.2573161125183105,
        4.257192134857178,
        4.256971836090088,
        4.256920337677002,
        4.257038116455078,
        4.257070541381836,
        4.256900310516357,
        4.25722074508667,
        4.25723123550415,
        4.25691556930542,
        4.255659580230713,
        4.255534648895264,
        4.255558013916016,
        4.255529403686523,
        4.255526542663574,
        4.2554802894592285,
        4.255570888519287,
        4.255523204803467,
        4.255465507507324,
        4.2555437088012695,
        4.255527496337891,
        4.25548791885376,
        4.255516052246094,
        4.255481719970703,
        4.25550651550293,
        4.255500316619873,
        4.255515098571777,
        4.255491256713867,
        4.2555012702941895,
        4.255468845367432
    ],