{
    "run_n":101,
    "run_seed":null,
    "ndims":4,
    "nsamples":100000,
    "correlation":"corr",
    "nbijectors":5,
    "bijector":"RealNVPN",
    "spline_knots":8,
    "range_min":-5,
    "hidden_layers":"64-64-64",
    "batch_size":512,
    "activation":"relu",
    "eps_regulariser":0,
    "regulariser":null,
    "dist_seed":null,
    "test_seed":null,
    "epochs_input":300,
    "epochs_output":180,
    "time":242.5237468329724,
    "KS_pv_mean":0.4943813475234793,
    "KS_pv_std":0.17687898707983946,
    "KS_st_mean":0.03899749999999999,
    "KS_st_std":0.007000401327781143,
    "SWD_mean":0.08063156014636576,
    "SWD_std":0.027064076689547432,
    "train_loss_history":[
        11.013092041015625,
        3.618375301361084,
        3.2303590774536133,
        3.0994908809661865,
        3.067052125930786,
        2.9021127223968506,
        2.817110061645508,
        2.9204182624816895,
        2.8203487396240234,
        2.7784626483917236,
        2.735154151916504,
        2.7280640602111816,
        2.738358497619629,
        3.0360360145568848,
        2.8793015480041504,
        2.752929210662842,
        2.6659727096557617,
        2.6284849643707275,
        2.653517484664917,
        2.8538267612457275,
        2.642612934112549,
        2.6709132194519043,
        2.6026084423065186,
        3.0196921825408936,
        2.8417911529541016,
        2.668793201446533,
        2.612950325012207,
        2.6095073223114014,
        2.5902657508850098,
        2.5885746479034424,
        2.5671164989471436,
        2.5548877716064453,
        2.5614519119262695,
        2.6375539302825928,
        2.573875665664673,
        2.5431344509124756,
        2.5534746646881104,
        2.5521206855773926,
        2.552759885787964,
        2.5817699432373047,
        2.5536558628082275,
        2.56961989402771,
        2.5491504669189453,
        2.563021183013916,
        2.5444514751434326,
        2.540726661682129,
        2.5378646850585938,
        2.5477004051208496,
        2.535158395767212,
        2.5412886142730713,
        2.559204578399658,
        2.5673112869262695,
        2.573150634765625,
        2.521122694015503,
        2.5375261306762695,
        2.5121428966522217,
        2.555769443511963,
        2.5270214080810547,
        2.618821382522583,
        2.5136961936950684,
        2.5098791122436523,
        2.5163040161132812,
        2.514824867248535,
        2.5234174728393555,
        2.515115737915039,
        2.5140786170959473,
        2.6523032188415527,
        2.5218169689178467,
        2.500671625137329,
        2.531599283218384,
        2.5138416290283203,
        2.4999701976776123,
        2.5047991275787354,
        2.5198895931243896,
        2.498809337615967,
        2.4950613975524902,
        2.5124940872192383,
        2.50144362449646,
        2.5180182456970215,
        2.521904945373535,
        2.5058538913726807,
        2.514954090118408,
        2.490305185317993,
        2.4942243099212646,
        2.4953651428222656,
        2.54093074798584,
        2.492975950241089,
        2.4929957389831543,
        2.502378463745117,
        2.4852969646453857,
        2.4971776008605957,
        2.500178813934326,
        2.513573169708252,
        2.4885313510894775,
        2.483631134033203,
        2.496494770050049,
        2.4928555488586426,
        2.4952516555786133,
        2.493677854537964,
        2.497141122817993,
        2.487241268157959,
        2.4935998916625977,
        2.514190435409546,
        2.5478363037109375,
        2.485938787460327,
        2.485684871673584,
        2.4931368827819824,
        2.4982242584228516,
        2.4941136837005615,
        2.4841794967651367,
        2.4759509563446045,
        2.482245683670044,
        2.4866678714752197,
        2.443988561630249,
        2.4447200298309326,
        2.4463353157043457,
        2.4418957233428955,
        2.447610855102539,
        2.4416162967681885,
        2.444788932800293,
        2.44342041015625,
        2.4428977966308594,
        2.4412734508514404,
        2.4512834548950195,
        2.4437878131866455,
        2.4409561157226562,
        2.4407448768615723,
        2.443955183029175,
        2.441234588623047,
        2.4442784786224365,
        2.4410529136657715,
        2.4422287940979004,
        2.4440126419067383,
        2.4451651573181152,
        2.4494974613189697,
        2.4460339546203613,
        2.4321162700653076,
        2.430473566055298,
        2.4308855533599854,
        2.430928945541382,
        2.4309425354003906,
        2.430466651916504,
        2.430816888809204,
        2.430371046066284,
        2.4304404258728027,
        2.430689573287964,
        2.4302854537963867,
        2.4300856590270996,
        2.4299752712249756,
        2.4308159351348877,
        2.4299697875976562,
        2.430873394012451,
        2.4302847385406494,
        2.4309403896331787,
        2.4301342964172363,
        2.4303529262542725,
        2.429495334625244,
        2.4293370246887207,
        2.4300153255462646,
        2.4300122261047363,
        2.427551031112671,
        2.4271490573883057,
        2.4271059036254883,
        2.427110433578491,
        2.427229166030884,
        2.4271130561828613,
        2.4271700382232666,
        2.4269397258758545,
        2.427145481109619,
        2.4271299839019775,
        2.427178144454956,
        2.426971673965454,
        2.427049398422241,
        2.4272589683532715,
        2.4271578788757324,
        2.4273314476013184,
        2.427109718322754,
        2.4270904064178467,
        2.427166700363159,
        2.426894426345825
    ],