{
    "run_n":1007,
    "run_seed":null,
    "ndims":20,
    "nsamples":100000,
    "correlation":"corr",
    "nbijectors":5,
    "bijector":"RealNVPN",
    "spline_knots":8,
    "range_min":-5,
    "hidden_layers":"64-64-64",
    "batch_size":512,
    "activation":"relu",
    "eps_regulariser":0,
    "regulariser":null,
    "dist_seed":null,
    "test_seed":null,
    "epochs_input":300,
    "epochs_output":299,
    "time":473.9232872086577,
    "KS_pv_mean":0.507833300576837,
    "KS_pv_std":0.13594363315379474,
    "KS_st_mean":0.038706500000000005,
    "KS_st_std":0.005884745767660655,
    "SWD_mean":0.09174547931304548,
    "SWD_std":0.03521917833767514,
    "train_loss_history":[
        93.5168228149414,
        19.332061767578125,
        16.389114379882812,
        15.093077659606934,
        14.444867134094238,
        14.028106689453125,
        13.583203315734863,
        13.316658020019531,
        13.16252613067627,
        13.04882526397705,
        12.930510520935059,
        12.779059410095215,
        12.754446029663086,
        12.739158630371094,
        12.61542797088623,
        12.594399452209473,
        12.543371200561523,
        12.534893035888672,
        12.477025985717773,
        12.401921272277832,
        12.426353454589844,
        12.375045776367188,
        12.373550415039062,
        12.293545722961426,
        12.323211669921875,
        12.285467147827148,
        12.22286319732666,
        12.257309913635254,
        12.246203422546387,
        12.192605018615723,
        12.18773078918457,
        12.198103904724121,
        12.209176063537598,
        12.1871337890625,
        12.205160140991211,
        12.109312057495117,
        12.07296371459961,
        12.075111389160156,
        12.103524208068848,
        12.108497619628906,
        12.066040992736816,
        12.044651985168457,
        12.068826675415039,
        12.118569374084473,
        12.080275535583496,
        11.999863624572754,
        11.983770370483398,
        12.015393257141113,
        12.077186584472656,
        11.998394966125488,
        12.021835327148438,
        11.973916053771973,
        11.942434310913086,
        12.02001953125,
        11.930254936218262,
        11.968801498413086,
        11.950713157653809,
        11.949870109558105,
        11.896225929260254,
        11.939560890197754,
        11.891923904418945,
        11.89254093170166,
        11.922404289245605,
        11.876737594604492,
        11.841994285583496,
        11.872172355651855,
        11.899808883666992,
        11.852925300598145,
        11.881510734558105,
        11.84924030303955,
        11.858049392700195,
        11.818132400512695,
        11.82391357421875,
        11.853169441223145,
        11.812701225280762,
        11.807616233825684,
        11.831199645996094,
        11.83950138092041,
        11.774438858032227,
        11.794544219970703,
        11.784149169921875,
        11.793072700500488,
        11.781248092651367,
        11.790820121765137,
        11.837104797363281,
        11.763713836669922,
        11.780600547790527,
        11.806884765625,
        11.750006675720215,
        11.753083229064941,
        11.756669998168945,
        11.738364219665527,
        11.754225730895996,
        11.704073905944824,
        11.8036527633667,
        11.731431007385254,
        11.525967597961426,
        11.502212524414062,
        11.49937915802002,
        11.496877670288086,
        11.491759300231934,
        11.4959135055542,
        11.503669738769531,
        11.50618839263916,
        11.499811172485352,
        11.491116523742676,
        11.505318641662598,
        11.4943208694458,
        11.49543571472168,
        11.499171257019043,
        11.490726470947266,
        11.492499351501465,
        11.501368522644043,
        11.488631248474121,
        11.486001968383789,
        11.49626350402832,
        11.489985466003418,
        11.487903594970703,
        11.503212928771973,
        11.494316101074219,
        11.485237121582031,
        11.492096900939941,
        11.49168872833252,
        11.47951602935791,
        11.48328971862793,
        11.486067771911621,
        11.475150108337402,
        11.47567081451416,
        11.473190307617188,
        11.471893310546875,
        11.482881546020508,
        11.482120513916016,
        11.471855163574219,
        11.471908569335938,
        11.472174644470215,
        11.48387622833252,
        11.473846435546875,
        11.47199821472168,
        11.472251892089844,
        11.469970703125,
        11.468816757202148,
        11.468077659606934,
        11.461159706115723,
        11.477216720581055,
        11.464456558227539,
        11.463616371154785,
        11.46182632446289,
        11.467752456665039,
        11.456250190734863,
        11.464189529418945,
        11.466763496398926,
        11.455132484436035,
        11.455638885498047,
        11.453073501586914,
        11.465547561645508,
        11.463631629943848,
        11.457813262939453,
        11.455663681030273,
        11.469789505004883,
        11.458588600158691,
        11.452491760253906,
        11.451706886291504,
        11.454221725463867,
        11.453019142150879,
        11.447100639343262,
        11.462422370910645,
        11.447894096374512,
        11.444097518920898,
        11.450618743896484,
        11.450876235961914,
        11.441332817077637,
        11.450955390930176,
        11.447568893432617,
        11.452908515930176,
        11.444537162780762,
        11.454155921936035,
        11.458821296691895,
        11.43868350982666,
        11.44098949432373,
        11.438215255737305,
        11.4500732421875,
        11.389793395996094,
        11.38498306274414,
        11.384013175964355,
        11.385000228881836,
        11.383630752563477,
        11.383657455444336,
        11.383881568908691,
        11.386357307434082,
        11.383687019348145,
        11.384845733642578,
        11.385065078735352,
        11.383742332458496,
        11.386303901672363,
        11.384507179260254,
        11.386030197143555,
        11.383926391601562,
        11.385884284973145,
        11.382802963256836,
        11.384499549865723,
        11.384653091430664,
        11.38672924041748,
        11.383248329162598,
        11.369853019714355,
        11.368794441223145,
        11.369174003601074,
        11.369071006774902,
        11.369054794311523,
        11.369061470031738,
        11.368805885314941,
        11.369425773620605,
        11.368914604187012,
        11.36865520477295,
        11.368675231933594,
        11.369205474853516,
        11.369743347167969,
        11.368889808654785,
        11.36862850189209,
        11.368834495544434,
        11.369102478027344,
        11.368602752685547,
        11.367993354797363,
        11.368349075317383,
        11.368317604064941,
        11.368719100952148,
        11.36939811706543,
        11.368278503417969,
        11.36882495880127,
        11.36861801147461,
        11.364996910095215,
        11.364712715148926,
        11.364641189575195,
        11.3645601272583,
        11.364575386047363,
        11.364585876464844,
        11.364566802978516,
        11.36470890045166,
        11.36463737487793,
        11.364569664001465,
        11.364885330200195,
        11.36475658416748,
        11.364607810974121,
        11.364688873291016,
        11.364557266235352,
        11.364558219909668,
        11.364480018615723,
        11.364620208740234,
        11.36448860168457,
        11.364423751831055,
        11.364689826965332,
        11.364667892456055,
        11.364480018615723,
        11.364461898803711,
        11.364341735839844,
        11.364545822143555,
        11.364523887634277,
        11.363629341125488,
        11.363551139831543,
        11.363565444946289,
        11.3635892868042,
        11.363546371459961,
        11.363581657409668,
        11.363579750061035,
