{
    "run_n":1015,
    "run_seed":null,
    "ndims":30,
    "nsamples":200000,
    "correlation":"corr",
    "nbijectors":5,
    "bijector":"RealNVPN",
    "spline_knots":8,
    "range_min":-5,
    "hidden_layers":"64-64-64",
    "batch_size":512,
    "activation":"relu",
    "eps_regulariser":0,
    "regulariser":null,
    "dist_seed":null,
    "test_seed":null,
    "epochs_input":300,
    "epochs_output":300,
    "time":1061.532428666018,
    "KS_pv_mean":0.4994699971346012,
    "KS_pv_std":0.14679555221048018,
    "KS_st_mean":0.03885533333333333,
    "KS_st_std":0.0062191857630686295,
    "SWD_mean":0.09182617490114854,
    "SWD_std":0.032492837435051485,
    "train_loss_history":[
        78.16342163085938,
        25.472824096679688,
        22.181264877319336,
        20.999391555786133,
        20.40166664123535,
        19.989824295043945,
        19.762609481811523,
        19.524799346923828,
        19.391355514526367,
        19.269983291625977,
        19.157543182373047,
        19.082983016967773,
        19.01772117614746,
        18.868282318115234,
        18.79688835144043,
        18.74673080444336,
        18.62976837158203,
        18.577898025512695,
        18.57028579711914,
        18.514476776123047,
        18.460552215576172,
        18.395666122436523,
        18.378305435180664,
        18.35973358154297,
        18.286001205444336,
        18.211673736572266,
        18.2550106048584,
        18.16204833984375,
        18.128524780273438,
        18.13090705871582,
        18.077497482299805,
        18.022716522216797,
        17.988161087036133,
        17.94679069519043,
        17.970216751098633,
        17.90193748474121,
        17.88951873779297,
        17.90821647644043,
        17.84823989868164,
        17.836551666259766,
        17.7999267578125,
        17.831605911254883,
        17.78590202331543,
        17.778217315673828,
        17.744991302490234,
        17.778236389160156,
        17.70720672607422,
        17.688570022583008,
        17.643714904785156,
        17.695919036865234,
        17.643890380859375,
        17.66468620300293,
        17.62643814086914,
        17.61781883239746,
        17.634883880615234,
        17.60748291015625,
        17.57001495361328,
        17.561914443969727,
        17.5648136138916,
        17.583518981933594,
        17.546592712402344,
        17.52014923095703,
        17.503469467163086,
        17.56594467163086,
        17.51850128173828,
        17.500808715820312,
        17.459304809570312,
        17.543258666992188,
        17.526098251342773,
        17.485429763793945,
        17.437763214111328,
        17.484201431274414,
        17.453561782836914,
        17.443973541259766,
        17.459266662597656,
        17.384639739990234,
        17.442546844482422,
        17.446611404418945,
        17.42081069946289,
        17.42469596862793,
        17.41480827331543,
        17.36972427368164,
        17.384788513183594,
        17.40885353088379,
        17.35903549194336,
        17.385799407958984,
        17.3771915435791,
        17.378664016723633,
        17.32282257080078,
        17.364261627197266,
        17.356950759887695,
        17.357826232910156,
        17.338499069213867,
        17.32170867919922,
        17.30906867980957,
        17.320615768432617,
        17.318008422851562,
        17.35159683227539,
        17.303726196289062,
        17.330875396728516,
        17.309974670410156,
        17.32118034362793,
        17.261062622070312,
        17.342586517333984,
        17.298812866210938,
        17.32518196105957,
        17.2722225189209,
        17.263044357299805,
        17.27397918701172,
        17.265317916870117,
        17.27665138244629,
        17.32330322265625,
        17.2687931060791,
        17.257577896118164,
        17.249988555908203,
        17.235021591186523,
        17.254383087158203,
        17.252567291259766,
        17.25298500061035,
        17.246063232421875,
        17.22003746032715,
        17.248210906982422,
        17.23736572265625,
        17.249425888061523,
        17.242238998413086,
        17.20440101623535,
        17.2689266204834,
        17.215253829956055,
        17.19767189025879,
        17.262388229370117,
        17.21633529663086,
        17.18833351135254,
        17.195507049560547,
        17.228363037109375,
        17.16501808166504,
        17.20022201538086,
        17.177539825439453,
        17.234853744506836,
        17.17494010925293,
        17.19110870361328,
        17.206432342529297,
        17.174930572509766,
        17.144832611083984,
        17.235681533813477,
        17.174766540527344,
        17.18457794189453,
        17.186527252197266,
        17.184654235839844,
        17.147594451904297,
        17.170944213867188,
        17.14137077331543,
        17.19466781616211,
        17.132816314697266,
        17.16146469116211,
        17.16234016418457,
        17.30986785888672,
        17.15204620361328,
        17.16130828857422,
        17.133207321166992,
        17.175987243652344,
        17.157480239868164,
        17.14348793029785,
        17.13515853881836,
        17.13793182373047,
        17.15903091430664,
        17.139266967773438,
        17.12053871154785,
        17.159494400024414,
        17.105510711669922,
        17.131990432739258,
        17.14011573791504,
        17.102148056030273,
        17.157608032226562,
        17.114953994750977,
        17.110801696777344,
        17.122024536132812,
        17.12861442565918,
        17.110414505004883,
        17.149351119995117,
        17.114341735839844,
        17.13713836669922,
        17.12834358215332,
        17.113605499267578,
        17.143455505371094,
        17.09735870361328,
        17.087080001831055,
        17.087989807128906,
        17.092761993408203,
        17.096027374267578,
        16.871400833129883,
        16.860580444335938,
        16.865093231201172,
        16.867385864257812,
        16.860322952270508,
        16.86827278137207,
        16.857017517089844,
        16.859935760498047,
        16.85721778869629,
        16.863195419311523,
        16.860214233398438,
        16.85624122619629,
        16.853322982788086,
        16.846834182739258,
        16.853130340576172,
        16.854413986206055,
        16.85430145263672,
        16.86180877685547,
        16.84685707092285,
        16.853116989135742,
        16.84409523010254,
        16.846330642700195,
        16.84788703918457,
        16.85041618347168,
        16.841367721557617,
        16.84906578063965,
        16.850759506225586,
        16.84319305419922,
        16.840776443481445,
        16.839107513427734,
        16.83601188659668,
        16.84273910522461,
        16.84395980834961,
        16.840055465698242,
        16.831693649291992,
        16.853986740112305,
        16.832046508789062,
        16.840435028076172,
        16.836103439331055,
        16.828317642211914,
        16.84185218811035,
        16.825668334960938,
        16.840377807617188,
        16.83490753173828,
        16.824228286743164,
        16.838449478149414,
        16.830713272094727,
        16.845951080322266,
        16.831554412841797,
        16.834524154663086,
        16.82584571838379,
        16.828933715820312,
        16.824790954589844,
        16.833309173583984,
        16.829345703125,
        16.830585479736328,
        16.76988410949707,
        16.76725196838379,
        16.767349243164062,
        16.767728805541992,
        16.768081665039062,
        16.768558502197266,
        16.76799201965332,
        16.76958656311035,
        16.766992568969727,
        16.7676944732666,
        16.767009735107422,
        16.767263412475586,
        16.770666122436523,
        16.766220092773438,
        16.76828384399414,
        16.763975143432617,
        16.768571853637695,
        16.764101028442383,
        16.766342163085938,
